{"0": {"number_of_input_tokens": 476, "request_start_time": 0.00020384998060762882, "response_headers_received_time": 1.2432672180002555, "first_token_arrive_time": 1.2433046749792993, "response_end_time": 9.435598241980188, "scheduled_start_time": 0.0, "success": true}, "1": {"number_of_input_tokens": 1015, "request_start_time": 1.0017017669742927, "response_headers_received_time": 9.841058177989908, "first_token_arrive_time": 9.841082538972842, "response_end_time": 18.258817257999908, "scheduled_start_time": 1.0, "success": true}, "2": {"number_of_input_tokens": 427, "request_start_time": 2.002030254981946, "response_headers_received_time": 18.448886549973395, "first_token_arrive_time": 18.44891275599366, "response_end_time": 23.86759645299753, "scheduled_start_time": 2.0, "success": true}, "3": {"number_of_input_tokens": 1015, "request_start_time": 3.001191667979583, "response_headers_received_time": 24.275752098998055, "first_token_arrive_time": 24.275851108977804, "response_end_time": 30.01035958598368, "scheduled_start_time": 3.0, "success": true}, "4": {"number_of_input_tokens": 182, "request_start_time": 4.0011534259829205, "response_headers_received_time": 30.074739294999745, "first_token_arrive_time": 30.07475991398678, "response_end_time": 34.71403134497814, "scheduled_start_time": 4.0, "success": true}, "5": {"number_of_input_tokens": 581, "request_start_time": 5.001344720978523, "response_headers_received_time": 34.97970752697438, "first_token_arrive_time": 34.97973221199936, "response_end_time": 38.738740612985566, "scheduled_start_time": 5.0, "success": true}}